,City,Lat,Lng,Max Temp,Humidity,Cloudiness,Wind Speed,Country,Date
0,hithadhoo,-0.6,73.08,28.12,79,72,9.29,MV,1607109734
1,lazaro cardenas,17.96,-102.2,28.96,57,75,3.41,MX,1607109734
2,leh,34.17,77.58,-7.29,82,99,0.66,IN,1607109734
3,bathurst,-33.42,149.58,8.33,84,10,0.45,AU,1607109626
4,atuona,-9.8,-139.03,25.7,72,21,8.33,PF,1607109734
5,oranjestad,12.52,-70.03,29.0,66,20,8.7,AW,1607109465
6,jamestown,42.1,-79.24,5.56,69,90,7.2,US,1607109536
7,puerto ayora,-0.74,-90.35,25.0,65,75,5.1,EC,1607109735
8,tuktoyaktuk,69.45,-133.04,-14.0,71,20,5.7,CA,1607109735
9,hobart,-42.88,147.33,11.0,62,90,1.0,AU,1607109501
10,waddan,29.16,16.14,17.93,36,0,3.28,LY,1607109735
11,new norfolk,-42.78,147.06,9.44,68,81,0.28,AU,1607109735
12,mar del plata,-38.0,-57.56,15.0,51,40,7.2,AR,1607109735
13,fort nelson,58.81,-122.7,-8.0,92,75,1.5,CA,1607109735
14,lagoa,39.05,-27.98,15.21,82,100,7.41,PT,1607109735
15,saldanha,-33.01,17.94,23.0,46,58,5.1,ZA,1607109617
16,provideniya,64.38,-173.3,-9.7,88,0,2.26,RU,1607109736
17,beloha,-25.17,45.05,20.93,77,99,3.6,MG,1607109736
18,tamale,9.4,-0.84,31.28,20,20,1.19,GH,1607109736
19,polyarnyye zori,67.37,32.5,-3.33,2,100,3.58,RU,1607109736
20,busselton,-33.65,115.33,13.58,68,74,3.25,AU,1607109736
21,mataura,-46.19,168.86,12.22,72,94,2.24,NZ,1607109736
22,cidreira,-30.18,-50.21,22.67,66,0,5.55,BR,1607109736
23,karasjok,69.47,25.51,0.0,96,75,13.4,NO,1607109736
24,airai,-8.93,125.41,17.16,100,97,0.2,TL,1607109736
25,castro,-24.79,-50.01,21.65,88,100,2.95,BR,1607109737
26,carnarvon,-24.87,113.63,20.0,77,70,9.8,AU,1607109737
27,bartica,6.4,-58.62,32.0,59,40,6.2,GY,1607109737
28,rawson,-43.3,-65.1,18.6,29,78,7.34,AR,1607109646
29,ushuaia,-54.8,-68.3,12.0,50,75,9.3,AR,1607109665
30,albany,42.6,-73.97,10.56,39,99,3.05,US,1607109638
31,tuatapere,-46.13,167.68,12.22,72,96,2.24,NZ,1607109737
32,zhigansk,66.77,123.37,-19.91,91,98,6.06,RU,1607109737
33,punta arenas,-53.15,-70.92,15.0,38,40,11.8,CL,1607109635
34,tsiroanomandidy,-18.77,46.03,22.53,85,100,1.65,MG,1607109737
35,hermanus,-34.42,19.23,17.78,73,100,2.68,ZA,1607109737
36,bredasdorp,-34.53,20.04,18.0,63,23,6.2,ZA,1607109738
37,pietersburg,-23.9,29.47,20.0,82,21,5.7,ZA,1607109738
38,hilo,19.73,-155.09,25.0,88,75,2.1,US,1607109738
39,tasiilaq,65.61,-37.64,-7.0,85,75,3.42,GL,1607109738
40,avarua,-21.21,-159.78,28.0,78,2,3.1,CK,1607109482
41,mana,5.66,-53.78,28.59,71,0,4.42,GF,1607109738
42,ancud,-41.87,-73.82,18.0,45,0,4.1,CL,1607109738
43,henties bay,-22.12,14.28,16.67,80,6,1.49,NA,1607109738
44,kodiak,57.79,-152.41,-3.0,68,90,3.6,US,1607109738
45,kashan,33.98,51.44,11.08,56,40,1.49,IR,1607109738
46,comodoro rivadavia,-45.87,-67.5,19.0,32,0,7.7,AR,1607109738
47,acapulco,16.86,-99.89,30.0,66,90,2.6,MX,1607109739
48,puerto triunfo,5.87,-74.64,31.24,58,100,1.51,CO,1607109739
49,puro,12.48,123.38,26.75,83,100,2.72,PH,1607109739
50,port elizabeth,-33.92,25.57,17.0,67,90,5.1,ZA,1607109462
51,kirovskiy,45.09,133.51,-11.4,94,15,2.08,RU,1607109739
52,los llanos de aridane,28.66,-17.92,19.0,77,40,6.7,ES,1607109739
53,vardo,70.37,31.11,-1.0,86,75,14.4,NO,1607109739
54,sarangani,5.4,125.46,28.6,74,95,5.73,PH,1607109739
55,khatanga,71.97,102.5,-10.66,96,100,6.97,RU,1607109740
56,torbay,47.67,-52.73,5.56,80,75,4.6,CA,1607109740
57,kapaa,22.08,-159.32,24.0,83,1,6.7,US,1607109740
58,shahpur,16.7,76.83,20.07,74,10,2.01,IN,1607109740
59,alekseyevskaya,50.29,42.18,-11.11,78,0,4.45,RU,1607109740
60,mahebourg,-20.41,57.7,25.0,83,40,2.6,MU,1607109740
61,kuopio,62.89,27.68,-1.0,86,90,5.7,FI,1607109740
62,nelson bay,-32.72,152.15,19.44,100,75,2.6,AU,1607109740
63,esperance,-33.87,121.9,15.0,77,75,8.2,AU,1607109741
64,nyurba,63.28,118.33,-19.54,91,100,2.96,RU,1607109741
65,barrow,71.29,-156.79,-11.0,78,90,7.2,US,1607109741
66,oktyabrskiy,54.48,53.47,-15.32,91,8,1.3,RU,1607109741
67,bella union,-30.28,-57.6,26.1,44,9,6.64,UY,1607109741
68,krasnoselkup,65.7,82.47,-9.52,96,100,8.6,RU,1607109741
69,cherskiy,68.75,161.3,-23.3,76,3,1.46,RU,1607109741
70,qaanaaq,77.48,-69.36,-25.72,72,0,2.04,GL,1607109741
71,dikson,73.51,80.55,-0.72,98,100,9.34,RU,1607109741
72,port alfred,-33.59,26.89,16.3,70,53,5.63,ZA,1607109741
73,cape town,-33.93,18.42,20.0,59,0,8.7,ZA,1607109629
74,pembroke,45.82,-77.12,2.22,93,90,2.1,CA,1607109576
75,camana,-16.62,-72.71,21.48,59,50,3.2,PE,1607109610
76,naze,28.37,129.48,18.0,77,90,9.3,JP,1607109742
77,brae,60.4,-1.35,7.0,81,75,8.7,GB,1607109742
78,vaini,-21.2,-175.2,26.0,78,75,4.1,TO,1607109742
79,aquidaba,-10.28,-37.02,29.94,55,18,7.63,BR,1607109742
80,ponta do sol,32.67,-17.1,17.0,59,20,2.6,PT,1607109742
81,kargasok,59.06,80.86,-18.18,94,58,1.38,RU,1607109742
82,chany,55.31,76.76,-17.5,94,59,1.9,RU,1607109742
83,nemuro,43.32,145.57,1.85,80,0,7.71,JP,1607109742
84,sirohi,24.88,72.87,18.97,33,0,1.54,IN,1607109742
85,sasaram,24.95,84.01,17.58,36,0,1.64,IN,1607109742
86,mount isa,-20.73,139.5,24.0,47,100,1.0,AU,1607109743
87,yerbogachen,61.28,108.01,-21.9,89,31,2.99,RU,1607109743
88,rikitea,-23.12,-134.97,25.24,71,99,4.2,PF,1607109743
89,itapirapua,-15.82,-50.61,36.51,26,99,2.12,BR,1607109743
90,nikolskoye,59.7,30.79,0.0,95,90,4.0,RU,1607109743
91,port keats,-14.25,129.55,25.26,84,34,2.87,AU,1607109743
92,bluff,-46.6,168.33,12.22,72,80,2.24,NZ,1607109743
93,dannenberg,53.1,11.09,2.22,89,99,2.24,DE,1607109743
94,bishop auckland,54.66,-1.68,5.0,85,100,2.24,GB,1607109743
95,longyearbyen,78.22,15.64,-13.0,71,75,0.7,SJ,1607109705
96,lexington,37.99,-84.48,6.67,93,90,2.26,US,1607109469
97,souillac,-20.52,57.52,25.0,83,40,2.6,MU,1607109743
98,sao filipe,14.9,-24.5,24.5,78,100,3.24,CV,1607109743
99,seymchan,62.88,152.43,-31.04,85,54,0.23,RU,1607109744
100,saint-philippe,-21.36,55.77,26.0,78,20,1.0,RE,1607109744
101,port augusta,-32.5,137.77,28.89,21,89,8.2,AU,1607109744
102,meulaboh,4.14,96.13,25.24,87,100,1.96,ID,1607109744
103,abasolo,20.45,-101.52,21.0,46,75,5.1,MX,1607109744
104,severnyy,50.68,36.55,-2.0,92,90,7.0,RU,1607109744
105,pisco,-13.7,-76.22,22.0,73,0,4.1,PE,1607109735
106,arraial do cabo,-22.97,-42.03,31.0,62,40,3.6,BR,1607109744
107,pochutla,15.74,-96.47,31.0,58,40,2.79,MX,1607109744
108,atasu,48.68,71.64,-21.9,92,100,0.98,KZ,1607109744
109,butaritari,3.07,172.79,27.2,82,58,6.4,KI,1607109744
110,kieta,-6.22,155.63,25.46,73,100,1.6,PG,1607109744
111,asyut,27.18,31.18,17.0,45,0,3.1,EG,1607109745
112,husavik,66.04,-17.34,-5.0,79,90,5.7,IS,1607109745
113,san cristobal,7.77,-72.22,28.0,69,40,4.1,VE,1607109571
114,springdale,36.19,-94.13,9.44,57,1,4.6,US,1607109745
115,lebu,-37.62,-73.65,14.98,64,0,8.87,CL,1607109745
116,mporokoso,-9.37,30.12,16.7,95,100,1.21,ZM,1607109745
117,abha,18.22,42.51,17.0,87,74,3.1,SA,1607109570
118,juneau,58.3,-134.42,7.0,93,90,8.7,US,1607109730
119,oleksandrivka,48.96,32.23,-0.15,95,0,5.24,UA,1607109745
120,la ronge,55.1,-105.28,0.0,97,100,2.1,CA,1607109745
121,dunkwa,5.97,-1.78,24.8,88,0,1.69,GH,1607109745
122,te anau,-45.42,167.72,9.29,87,78,3.37,NZ,1607109745
123,gusau,12.16,6.66,25.98,19,17,3.42,NG,1607109746
124,cayenne,4.93,-52.33,28.0,78,90,3.6,GF,1607109746
125,tselinnoye,53.08,85.67,-18.37,92,0,1.7,RU,1607109746
126,lata,40.16,-8.33,6.67,87,75,2.1,PT,1607109746
127,rio gallegos,-51.62,-69.22,20.0,30,0,10.3,AR,1607109746
128,hofn,64.25,-15.21,-3.0,42,0,13.4,IS,1607109746
129,lewisporte,49.25,-55.05,4.44,73,75,4.1,CA,1607109746
130,buin,-33.73,-70.75,31.11,21,20,4.1,CL,1607109746
131,yinchuan,38.47,106.27,-7.81,91,3,0.17,CN,1607109746
132,yellowknife,62.46,-114.35,-5.0,85,75,1.5,CA,1607109746
133,port blair,11.67,92.75,26.89,79,0,5.15,IN,1607109746
134,gumdag,39.21,54.59,2.87,69,0,10.58,TM,1607109747
135,saint-pierre,-21.34,55.48,26.0,78,20,1.0,RE,1607109747
136,severo-kurilsk,50.68,156.12,-2.42,87,25,4.94,RU,1607109747
137,katsuura,35.13,140.3,9.0,71,75,5.1,JP,1607109747
138,salalah,17.02,54.09,25.0,61,0,2.1,OM,1607109747
139,karpogory,64.0,44.45,-8.07,94,83,3.41,RU,1607109747
140,saint anthony,45.02,-93.22,5.0,55,1,2.1,US,1607109747
141,qandala,11.47,49.87,25.14,72,56,1.51,SO,1607109747
142,thompson,55.74,-97.86,-12.0,92,90,2.1,CA,1607109747
143,tiarei,-17.53,-149.33,30.0,58,75,3.6,PF,1607109748
144,geraldton,-28.77,114.6,17.0,67,90,6.2,AU,1607109748
145,svetlogorsk,52.63,29.73,-0.9,97,16,4.91,BY,1607109748
146,saskylakh,71.92,114.08,-23.93,89,94,1.87,RU,1607109748
147,leningradskiy,69.38,178.42,-18.36,79,1,2.34,RU,1607109748
148,aykhal,66.0,111.5,-25.0,75,0,4.0,RU,1607109748
149,qaqortoq,60.72,-46.03,5.0,32,75,7.7,GL,1607109748
150,east london,-33.02,27.91,16.0,77,75,4.6,ZA,1607109748
151,cabedelo,-6.98,-34.83,30.0,66,40,5.1,BR,1607109622
152,fasa,28.94,53.65,12.0,87,90,3.1,IR,1607109748
153,chokurdakh,70.63,147.92,-32.82,87,96,1.34,RU,1607109748
154,mehamn,71.04,27.85,2.0,69,0,9.8,NO,1607109749
155,atambua,-9.11,124.89,24.2,86,100,0.92,ID,1607109749
156,ishigaki,24.34,124.16,21.01,84,100,14.86,JP,1607109749
157,poltavka,54.37,71.76,-18.65,93,0,1.42,RU,1607109749
158,victoria,22.29,114.16,15.56,66,0,4.84,HK,1607109572
159,necochea,-38.55,-58.74,15.56,55,0,8.6,AR,1607109492
160,jutai,-5.18,-68.9,30.95,65,100,2.01,BR,1607109749
161,hamilton,39.18,-84.53,7.22,75,90,3.6,US,1607109529
162,micheweni,-4.97,39.83,26.75,78,97,3.76,TZ,1607109749
163,logansport,40.75,-86.36,8.0,65,1,8.2,US,1607109749
164,birao,10.28,22.79,25.02,24,48,2.58,CF,1607109749
165,sorland,67.67,12.69,5.0,65,75,2.1,NO,1607109749
166,chuy,-33.7,-53.46,17.91,61,43,8.4,UY,1607109750
167,praya,14.92,-23.51,25.0,69,75,6.7,CV,1607109750
168,norman wells,65.28,-126.83,-8.0,67,90,2.6,CA,1607109750
169,grants,35.15,-107.85,4.0,21,1,2.1,US,1607109750
170,upernavik,72.79,-56.15,-6.96,95,100,2.6,GL,1607109750
171,the valley,18.22,-63.06,29.0,65,40,6.7,AI,1607109750
172,clyde river,70.47,-68.59,-16.0,77,75,8.7,CA,1607109750
173,ribeira grande,38.52,-28.7,14.0,71,40,1.5,PT,1607109750
174,georgetown,5.41,100.34,26.0,83,20,1.78,MY,1607109699
175,bethel,41.37,-73.41,10.0,59,90,2.1,US,1607109750
176,tripoli,32.88,13.19,17.98,38,0,3.16,LY,1607109720
177,volchikha,52.03,80.38,-16.67,93,0,2.73,RU,1607109751
178,oktyabrskoye,43.06,44.74,2.0,100,85,2.0,RU,1607109751
179,amahai,-3.33,128.92,28.33,89,38,1.85,ID,1607109722
180,novyy urgal,51.07,132.56,-15.02,94,100,0.45,RU,1607109751
181,san carlos de bariloche,-41.15,-71.31,22.0,11,0,2.6,AR,1607109705
182,ruwi,23.6,58.55,23.0,73,0,3.1,OM,1607109751
183,mugur-aksy,50.35,90.5,-20.57,66,0,2.69,RU,1607109751
184,koutiala,12.39,-5.46,28.32,15,20,3.64,ML,1607109751
185,narsaq,60.92,-46.05,5.0,32,75,7.7,GL,1607109751
186,sanghar,26.05,68.95,19.0,68,0,3.53,PK,1607109619
187,jalu,29.03,21.55,15.7,55,0,3.24,LY,1607109752
188,sosua,19.77,-70.52,27.0,78,75,5.1,DO,1607109752
189,manggar,-2.88,108.27,26.83,83,100,3.77,ID,1607109752
190,wadi maliz,36.47,8.55,11.0,76,20,1.0,TN,1607109752
191,sao miguel do araguaia,-13.28,-50.16,35.57,33,28,2.35,BR,1607109752
192,sanquelim,15.58,74.0,22.49,64,0,1.38,IN,1607109752
193,kavaratti,10.57,72.64,28.01,76,85,4.4,IN,1607109752
194,yerofey pavlovich,53.97,121.97,-15.88,91,0,1.24,RU,1607109752
195,ust-tarka,55.57,75.7,-17.2,93,51,1.77,RU,1607109752
196,aktas,49.78,72.96,-20.0,76,90,3.0,KZ,1607109752
197,ust-ishim,57.69,71.17,-15.53,94,0,0.47,RU,1607109752
198,fortuna,40.6,-124.16,11.67,87,75,1.5,US,1607109752
199,penalva,-3.29,-45.17,32.56,55,100,1.29,BR,1607109753
200,harstad,68.8,16.53,2.78,77,100,9.39,NO,1607109753
201,sambava,-14.27,50.17,24.23,83,51,1.51,MG,1607109753
202,vila velha,-20.33,-40.29,29.0,70,20,8.7,BR,1607109579
203,sioux lookout,50.1,-91.92,-8.0,85,90,2.6,CA,1607109753
204,rio cuarto,-33.13,-64.35,21.0,35,0,7.7,AR,1607109754
205,mahibadhoo,3.78,72.97,28.26,77,100,6.72,MV,1607109754
206,mersing,2.43,103.84,25.0,94,96,2.6,MY,1607109754
207,namibe,-15.2,12.15,19.45,78,76,3.86,AO,1607109754
208,berbera,10.44,45.01,26.58,78,95,2.94,SO,1607109754
209,iguape,-24.71,-47.56,25.91,70,9,4.05,BR,1607109754
210,bubaque,11.28,-15.83,27.18,68,0,7.1,GW,1607109754
211,bilibino,68.05,166.44,-21.32,74,100,1.37,RU,1607109754
212,hualmay,-11.1,-77.61,22.15,66,28,4.72,PE,1607109754
213,faanui,-16.48,-151.75,27.12,77,30,7.75,PF,1607109755
214,trairi,-3.28,-39.27,29.32,65,61,7.47,BR,1607109755
215,ilulissat,69.22,-51.1,-1.0,86,75,8.2,GL,1607109755
216,villa rica,33.73,-84.92,12.78,95,100,0.89,US,1607109530
217,luderitz,-26.65,15.16,17.75,70,0,9.26,NA,1607109755
218,kaeo,-35.1,173.78,15.56,78,10,0.71,NZ,1607109755
219,sorong,-0.88,131.25,27.23,83,23,3.25,ID,1607109756
220,sunam,30.13,75.8,17.46,40,0,3.08,IN,1607109756
221,riyadh,24.69,46.72,24.0,53,20,3.1,SA,1607109739
222,teguise,29.06,-13.56,20.0,68,20,4.6,ES,1607109756
223,palasa,18.77,84.42,20.13,75,0,1.75,IN,1607109756
224,virginia beach,36.85,-75.98,19.44,52,75,6.7,US,1607109756
225,tarpa,48.1,22.54,11.11,57,1,6.2,HU,1607109756
226,kulhudhuffushi,6.62,73.07,27.94,79,23,5.52,MV,1607109756
227,syamzha,60.02,41.06,-7.74,97,98,3.08,RU,1607109756
228,coquimbo,-29.95,-71.34,17.0,67,20,5.1,CL,1607109492
229,talnakh,69.49,88.4,-9.0,92,90,15.0,RU,1607109756
230,barnstaple,51.08,-4.06,6.11,84,100,4.92,GB,1607109756
231,oyama,36.3,139.8,8.89,80,75,2.6,JP,1607109757
232,erenhot,43.65,111.98,-15.57,90,0,3.95,CN,1607109619
233,erdenet,49.03,104.08,-18.48,87,0,1.45,MN,1607109757
234,komsomolskiy,40.43,71.72,3.0,69,100,3.1,UZ,1607109757
235,lompoc,34.64,-120.46,20.0,25,1,2.1,US,1607109757
236,praia da vitoria,38.73,-27.07,15.0,82,75,7.15,PT,1607109757
237,asau,46.43,26.4,2.78,40,3,1.26,RO,1607109757
238,pevek,69.7,170.31,-18.69,81,0,2.79,RU,1607109757
239,manado,1.49,124.85,25.0,94,20,0.5,ID,1607109757
240,sao joao da barra,-21.64,-41.05,31.0,58,20,5.1,BR,1607109757
241,morondava,-20.28,44.28,27.45,79,32,6.8,MG,1607109757
242,muravlenko,63.79,74.52,-12.09,96,87,7.23,RU,1607109757
243,manavadar,21.5,70.13,21.24,39,0,2.55,IN,1607109758
244,lukovetskiy,64.3,41.92,-5.0,85,90,4.0,RU,1607109758
245,ulaangom,49.98,92.07,-19.09,80,16,2.08,MN,1607109758
246,mattru,7.62,-11.83,25.13,92,57,2.44,SL,1607109758
247,visby,57.64,18.3,5.56,93,100,6.2,SE,1607109758
248,port hedland,-20.32,118.57,28.0,78,69,3.6,AU,1607109758
249,kirakira,-10.45,161.92,25.85,73,91,0.63,SB,1607109758
250,roald,62.58,6.13,3.0,64,0,5.7,NO,1607109758
251,harper,4.38,-7.72,26.05,83,100,2.24,LR,1607109758
252,whitecourt,54.15,-115.69,4.0,55,20,2.6,CA,1607109758
253,san patricio,28.02,-97.52,14.0,44,20,5.1,US,1607109758
254,tortoli,39.93,9.66,15.0,72,40,9.3,IT,1607109759
255,beberibe,-4.18,-38.13,30.0,66,0,7.7,BR,1607109691
256,sobolevo,54.43,31.9,-1.88,93,100,6.38,RU,1607109759
257,alofi,-19.06,-169.92,27.0,83,47,6.7,NU,1607109759
258,ovruch,51.32,28.8,1.58,89,97,6.08,UA,1607109759
259,navirai,-23.07,-54.19,29.49,71,100,3.18,BR,1607109759
260,killarney,52.05,-9.52,7.0,75,40,6.7,IE,1607109759
261,finale ligure,44.17,8.34,6.11,83,100,5.81,IT,1607109759
262,ingham,42.6,-84.38,6.0,64,90,4.6,US,1607109759
263,balkhash,46.84,74.98,-13.55,93,0,1.99,KZ,1607109759
264,elmshorn,53.75,9.65,2.78,82,100,0.89,DE,1607109759
265,maroantsetra,-15.43,49.73,24.26,80,3,1.63,MG,1607109760
266,lorengau,-2.02,147.27,27.89,77,32,2.79,PG,1607109760
267,guerrero negro,27.98,-114.06,19.58,25,0,0.95,MX,1607109760
268,vagur,61.47,-6.81,6.5,74,27,9.89,FO,1607109760
269,kalino,58.25,57.61,-13.06,95,96,1.18,RU,1607109760
270,pangai,-19.8,-174.35,27.0,74,75,5.7,TO,1607109760
271,trofors,65.53,13.41,4.0,64,75,2.6,NO,1607109760
272,sibolga,1.74,98.78,25.19,81,100,1.26,ID,1607109760
273,auki,-8.77,160.7,24.79,87,100,1.94,SB,1607109760
274,ngara,-2.51,30.66,14.38,100,100,0.98,TZ,1607109760
275,kruisfontein,-34.0,24.73,16.67,72,62,1.79,ZA,1607109760
276,kajaani,64.23,27.73,-1.0,86,90,3.6,FI,1607109760
277,bambanglipuro,-7.95,110.28,26.15,82,100,1.03,ID,1607109761
278,carballo,43.21,-8.69,10.0,81,40,4.6,ES,1607109761
279,valparaiso,-33.04,-71.63,17.78,63,0,5.1,CL,1607109492
280,puerto escondido,15.85,-97.07,30.0,66,40,2.1,MX,1607109761
281,tura,25.52,90.22,16.06,83,0,1.34,IN,1607109761
282,mansa,29.98,75.38,17.58,37,0,3.13,IN,1607109761
283,tezu,27.92,96.17,16.96,54,87,1.18,IN,1607109761
284,craig,40.52,-107.55,-1.0,42,1,2.1,US,1607109761
285,koumac,-20.57,164.28,24.26,76,0,1.4,NC,1607109761
286,oistins,13.07,-59.53,29.0,70,40,8.7,BB,1607109761
287,pomabamba,-8.83,-77.47,15.72,55,74,2.08,PE,1607109762
288,kaka,37.35,59.61,1.95,67,0,2.04,TM,1607109762
289,ponta delgada,37.73,-25.67,15.0,82,40,5.1,PT,1607109762
290,pinheiro machado,-31.58,-53.38,23.33,63,52,5.36,BR,1607109762
291,dire dawa,9.59,41.87,20.81,71,1,0.27,ET,1607109762
292,balabac,7.99,117.06,26.97,82,21,1.83,PH,1607109762
293,igarka,67.47,86.58,-10.31,96,100,7.19,RU,1607109762
294,boguchar,49.94,40.55,-6.45,83,0,5.53,RU,1607109762
295,havre-saint-pierre,50.23,-63.6,2.0,83,20,1.5,CA,1607109763
296,mount gambier,-37.83,140.77,20.0,37,40,9.3,AU,1607109763
297,kralendijk,12.15,-68.27,29.0,70,40,6.7,BQ,1607109763
298,santiago del estero,-27.8,-64.26,16.66,82,100,6.86,AR,1607109763
299,brigantine,39.41,-74.36,12.0,46,90,3.6,US,1607109763
300,kismayo,-0.36,42.55,26.62,80,18,6.06,SO,1607109575
301,touros,-5.2,-35.46,30.0,62,40,7.7,BR,1607109763
302,san quintin,30.48,-115.95,18.85,26,0,2.95,MX,1607109763
303,yubari,43.04,141.96,1.0,69,75,3.1,JP,1607109763
304,lasa,46.62,10.7,0.56,92,90,6.2,IT,1607109763
305,nuuk,64.18,-51.72,2.0,93,90,13.4,GL,1607109763
306,beringovskiy,63.05,179.32,-5.66,92,30,3.58,RU,1607109763
307,samarai,-10.62,150.67,26.95,83,27,3.68,PG,1607109763
308,tiksi,71.69,128.87,-16.72,91,100,3.84,RU,1607109764
309,tirat karmel,32.76,34.97,18.33,66,100,2.68,IL,1607109546
310,lavrentiya,65.58,-171.0,-11.51,82,12,2.69,RU,1607109764
311,sri aman,1.24,111.46,23.0,100,98,0.69,MY,1607109764
312,phonhong,18.5,102.42,16.27,67,71,1.5,LA,1607109764
313,udachnyy,66.42,112.4,-25.0,75,0,4.0,RU,1607109764
314,zelenogorskiy,55.03,87.0,-19.0,84,75,0.39,RU,1607109764
315,kukmor,56.19,50.89,-12.87,91,0,1.22,RU,1607109764
316,yining,29.04,114.56,1.94,83,0,0.64,CN,1607109764
317,urumqi,43.8,87.6,-12.0,92,40,0.59,CN,1607109764
318,faranah,10.04,-10.74,27.2,32,0,1.07,GN,1607109765
319,phayao,19.25,100.25,16.44,87,41,1.01,TH,1607109765
320,lac-megantic,45.58,-70.88,3.33,42,100,0.89,CA,1607109765
321,skelleftea,64.75,20.95,0.56,99,100,2.1,SE,1607109765
322,fare,-16.7,-151.02,27.33,77,74,8.36,PF,1607109765
323,karratha,-20.74,116.85,28.31,65,43,5.63,AU,1607109765
324,suez,29.97,32.53,16.77,48,100,0.21,EG,1607109765
325,jimenez,28.33,-105.4,5.0,32,75,1.5,MX,1607109765
326,namatanai,-3.67,152.43,26.55,76,99,1.99,PG,1607109765
327,maningrida,-12.07,134.27,25.58,89,60,2.46,AU,1607109765
328,taoudenni,22.68,-3.98,24.87,22,87,4.09,ML,1607109766
329,popondetta,-8.75,148.25,23.13,90,59,1.14,PG,1607109766
330,esso,55.93,158.7,-16.67,82,61,1.72,RU,1607109766
331,maltahohe,-24.83,16.98,21.68,27,0,10.64,NA,1607109766
332,lakes entrance,-37.88,147.98,10.56,95,91,0.45,AU,1607109766
333,magdalena,14.2,121.43,26.0,94,75,1.5,PH,1607109767
334,buala,-8.14,159.59,26.1,79,98,1.01,SB,1607109767
335,iqaluit,63.75,-68.51,-2.0,79,75,3.1,CA,1607109767
336,kishi,9.08,3.85,27.21,20,3,1.76,NG,1607109767
337,grindavik,63.84,-22.43,-4.0,62,75,9.8,IS,1607109767
338,kumylzhenskaya,49.88,42.59,-11.11,83,6,1.79,RU,1607109767
339,dekar,-21.53,21.93,27.69,38,60,1.48,BW,1607109767
340,kahului,20.89,-156.47,28.0,61,20,7.7,US,1607109767
341,plettenberg bay,-34.05,23.37,16.28,74,0,7.32,ZA,1607109767
342,ardrishaig,56.02,-5.45,7.0,87,100,10.3,GB,1607109767
343,vila franca do campo,37.72,-25.43,15.0,82,40,5.1,PT,1607109768
344,flinders,-34.58,150.86,18.33,82,66,0.45,AU,1607109768
345,caravelas,-17.71,-39.25,27.67,72,78,5.66,BR,1607109768
346,peace river,56.25,-117.29,6.0,60,20,6.7,CA,1607109768
347,fonte boa,-2.5,-66.27,27.31,93,100,0.56,BR,1607109768
348,vershino-darasunskiy,52.35,115.52,-15.06,95,88,1.28,RU,1607109768
349,yermolino,55.19,36.6,-3.89,85,90,3.0,RU,1607109768
350,otradnoye,59.78,30.82,0.0,94,90,4.0,RU,1607109769
351,hobyo,5.35,48.53,26.32,79,100,4.93,SO,1607109769
352,batagay,67.63,134.63,-33.4,80,1,1.24,RU,1607109769
353,pacific grove,36.62,-121.92,15.0,44,1,2.56,US,1607109550
354,dingle,11.0,122.67,24.3,89,100,1.58,PH,1607109769
355,port hueneme,34.15,-119.2,24.0,10,1,2.6,US,1607109769
356,bairiki,1.33,172.98,27.0,78,20,5.7,KI,1607109769
357,hokitika,-42.72,170.97,12.79,85,92,0.17,NZ,1607109769
358,ugoofaaru,5.67,73.0,27.8,75,71,5.64,MV,1607109769
359,dicabisagan,17.08,122.42,25.04,88,72,3.91,PH,1607109769
360,muros,42.78,-9.06,6.67,88,97,0.89,ES,1607109769
361,shelabolikha,53.41,82.62,-20.0,76,18,2.0,RU,1607109769
362,mezhdurechensk,53.69,88.06,-17.66,91,62,0.57,RU,1607109769
363,mpongwe,-13.51,28.16,18.54,96,100,3.47,ZM,1607109770
364,aklavik,68.22,-135.01,-24.0,83,20,1.64,CA,1607109770
365,kolondieba,11.09,-6.89,27.68,18,0,1.0,ML,1607109770
366,aloleng,16.13,119.78,26.54,82,95,5.31,PH,1607109770
367,ust-nera,64.57,143.2,-30.95,77,99,0.61,RU,1607109770
368,houma,29.6,-90.72,15.56,62,1,4.1,US,1607109718
369,cabo san lucas,22.89,-109.91,23.89,43,5,4.1,MX,1607109588
370,merauke,-8.47,140.33,26.57,86,100,6.08,ID,1607109771
371,jawhar,2.78,45.5,24.48,83,100,4.51,SO,1607109771
372,faya,18.39,42.45,16.0,93,76,0.58,SA,1607109771
373,raudeberg,61.99,5.14,3.0,59,0,3.6,NO,1607109771
374,sokoni,-6.43,39.55,27.0,83,20,2.6,TZ,1607109771
375,rocha,-34.48,-54.33,16.41,53,97,7.86,UY,1607109771
376,yagodnoye,62.55,149.67,-27.5,82,82,0.66,RU,1607109771
377,boende,-0.22,20.87,22.57,96,100,0.95,CD,1607109771
378,constitucion,-35.33,-72.42,18.61,48,0,4.78,CL,1607109771
379,birobidzhan,48.8,132.95,-8.76,88,100,4.88,RU,1607109771
380,loa janan,-0.58,117.09,23.37,96,70,0.53,ID,1607109771
381,tigil,57.8,158.67,-12.84,93,96,2.4,RU,1607109772
382,bonavista,48.65,-53.11,5.0,75,0,2.6,CA,1607109772
383,lockhart,28.62,-81.44,24.44,60,1,5.7,US,1607109762
384,avera,33.19,-82.53,20.0,64,90,4.1,US,1607109772
385,heihe,50.24,127.49,-10.0,66,20,2.0,CN,1607109772
386,zhanakorgan,43.91,67.25,-11.23,95,100,4.01,KZ,1607109772
387,khash,28.22,61.22,9.15,59,0,1.15,IR,1607109772
388,dunedin,-45.87,170.5,13.33,69,100,7.6,NZ,1607109772
389,tautira,-17.73,-149.15,30.0,58,75,3.6,PF,1607109772
390,alta floresta,-9.88,-56.09,34.1,45,9,1.46,BR,1607109482
391,ahipara,-35.17,173.17,14.57,66,99,1.05,NZ,1607109772
392,podgorenskiy,50.41,39.64,-5.36,81,0,5.69,RU,1607109772
393,northam,51.03,-4.22,7.22,84,100,4.92,GB,1607109773
394,hastings,50.86,0.57,6.0,87,98,5.7,GB,1607109552
395,tharad,24.4,71.63,20.3,35,0,1.08,IN,1607109773
396,mercedes,-34.65,-59.43,22.22,40,100,2.24,AR,1607109773
397,hurghada,27.26,33.81,18.0,45,0,2.84,EG,1607109736
398,santa rosalia,27.32,-112.28,17.93,31,0,8.3,MX,1607109773
399,kavieng,-2.57,150.8,28.04,72,44,2.51,PG,1607109773
400,mingguang,32.78,117.96,1.95,76,0,1.58,CN,1607109773
401,parkersburg,39.27,-81.56,7.78,93,90,2.1,US,1607109520
402,scottsbluff,41.87,-103.67,13.0,17,1,7.7,US,1607109773
403,ballina,-28.87,153.57,22.0,94,90,1.0,AU,1607109773
404,gaoual,11.75,-13.2,29.82,23,0,0.86,GN,1607109774
405,alice springs,-23.7,133.88,28.0,32,8,4.68,AU,1607109774
406,estelle,29.85,-90.11,13.33,71,75,5.7,US,1607109774
407,palana,59.12,159.97,-12.31,86,39,3.42,RU,1607109774
408,coari,-4.08,-63.14,32.74,55,100,2.04,BR,1607109774
409,kemijarvi,66.71,27.43,-3.08,97,100,3.74,FI,1607109774
410,poya,-21.35,165.15,23.4,78,0,1.21,NC,1607109774
411,waingapu,-9.66,120.26,26.97,77,98,1.01,ID,1607109774
412,benjamin hill,30.17,-111.1,17.22,23,0,4.02,MX,1607109774
413,galle,6.04,80.22,26.65,81,7,5.08,LK,1607109479
414,muriti,-1.98,32.92,21.0,77,75,3.41,TZ,1607109775
415,swords,53.46,-6.22,7.22,87,75,10.3,IE,1607109775
416,muli,2.92,73.57,28.18,78,89,7.46,MV,1607109775
417,madisonville,37.33,-87.5,9.0,66,90,4.1,US,1607109758
418,alyangula,-13.85,136.42,25.0,100,52,1.0,AU,1607109775
419,bambous virieux,-20.34,57.76,25.56,83,40,2.6,MU,1607109775
420,moose factory,51.26,-80.61,-4.0,92,90,5.7,CA,1607109624
421,sitka,57.05,-135.33,9.0,70,90,8.2,US,1607109775
422,almaznyy,48.04,40.05,-3.0,63,75,11.0,RU,1607109775
423,kaitangata,-46.28,169.85,12.22,69,100,1.79,NZ,1607109775
424,majene,-3.54,118.97,26.28,72,64,1.68,ID,1607109775
425,kyra,49.58,111.98,-13.82,82,0,1.49,RU,1607109775
426,pontes e lacerda,-15.23,-59.34,36.0,30,9,3.47,BR,1607109776
427,derzhavinsk,51.1,66.32,-18.29,91,89,4.31,KZ,1607109776
428,keti bandar,24.14,67.45,23.07,86,0,4.22,PK,1607109776
429,portland,45.52,-122.68,8.89,65,1,1.44,US,1607109555
430,spring valley,36.11,-115.25,12.78,10,1,1.5,US,1607109776
431,quebradanegra,5.12,-74.48,21.0,40,40,6.7,CO,1607109776
432,huarmey,-10.07,-78.15,22.63,65,31,5.45,PE,1607109776
433,ostrovnoy,68.05,39.51,-3.74,95,65,10.64,RU,1607109776
434,mecca,21.43,39.83,24.73,64,8,1.93,SA,1607109513
435,marawi,8.0,124.29,23.33,95,100,1.79,PH,1607109776
436,candido mendes,-1.45,-45.72,30.37,62,96,3.52,BR,1607109776
437,santa barbara,34.73,-120.03,20.0,25,1,1.12,US,1607109648
438,astoria,46.19,-123.83,10.56,66,1,4.6,US,1607109603
439,kigoma,-4.88,29.63,23.0,94,40,2.14,TZ,1607109777
440,benguela,-12.58,13.41,24.55,78,100,3.2,AO,1607109777
441,qianan,44.99,124.06,-12.41,91,0,4.23,CN,1607109777
442,walvis bay,-22.96,14.51,16.67,80,19,1.2,NA,1607109777
443,hambantota,6.12,81.12,24.0,100,40,0.5,LK,1607109777
444,nouadhibou,20.93,-17.03,21.0,60,0,6.7,MR,1607109777
445,isilkul,54.91,71.27,-18.44,93,0,1.83,RU,1607109777
446,ambulu,-8.35,113.61,24.8,89,100,1.54,ID,1607109777
447,pundaguitan,6.37,126.17,28.14,75,20,1.09,PH,1607109778
448,abu dhabi,24.47,54.37,25.0,78,0,1.0,AE,1607109602
449,lubao,14.92,120.55,26.0,78,75,1.0,PH,1607109778
450,luganville,-15.53,167.17,24.0,94,75,0.91,VU,1607109778
451,vostok,46.49,135.88,-15.69,96,80,2.36,RU,1607109778
452,ambilobe,-13.2,49.05,25.62,81,54,1.04,MG,1607109778
453,cap malheureux,-19.98,57.61,25.56,75,21,2.24,MU,1607109778
454,lynchburg,37.41,-79.14,13.33,62,75,5.1,US,1607109568
455,chapais,49.78,-74.85,-4.0,85,90,3.1,CA,1607109778
456,vila,42.03,-8.16,2.22,95,100,2.24,PT,1607109778
457,jaciara,-15.97,-54.97,34.06,36,12,2.7,BR,1607109778
458,tual,-5.67,132.75,28.78,70,100,2.12,ID,1607109779
459,oussouye,12.48,-16.55,27.0,74,0,3.1,SN,1607109779
460,santarem,-2.44,-54.71,32.0,62,20,5.1,BR,1607109482
461,dharur,18.82,76.12,18.03,43,24,2.86,IN,1607109779
462,road town,18.42,-64.62,26.11,69,75,7.2,VG,1607109617
463,turayf,31.67,38.66,12.0,87,40,5.1,SA,1607109666
464,stoughton,42.13,-71.1,15.0,35,100,6.7,US,1607109779
465,codrington,-38.27,141.97,17.13,46,100,5.71,AU,1607109779
466,richmond,37.55,-77.46,15.56,62,90,8.2,US,1607109700
467,conakry,9.54,-13.68,28.09,77,0,5.22,GN,1607109671
468,cordoba,-31.41,-64.18,19.44,55,0,2.1,AR,1607109639
469,yamada,39.47,141.95,1.73,85,1,1.94,JP,1607109780
470,lixourion,38.2,20.43,12.0,87,40,2.67,GR,1607109780
471,zawadzkie,50.6,18.48,6.0,75,0,3.6,PL,1607109780
472,saint-francois,46.42,3.91,4.44,100,90,1.0,FR,1607109780
473,aksarka,66.56,67.8,-8.26,93,100,7.0,RU,1607109780
474,hervey bay,-25.3,152.85,22.22,77,87,4.05,AU,1607109780
475,belaya gora,68.53,146.42,-31.29,87,99,1.48,RU,1607109780
476,olinda,-8.01,-34.86,27.0,69,20,3.6,BR,1607109780
477,vestmannaeyjar,63.44,-20.27,-4.0,53,0,8.7,IS,1607109780
478,champerico,14.3,-91.92,32.0,55,20,4.1,GT,1607109780
479,nieves,15.33,120.95,26.0,78,75,1.0,PH,1607109781
480,normal,40.51,-88.99,7.78,56,1,6.7,US,1607109781
481,giyani,-23.3,30.72,25.07,58,100,6.34,ZA,1607109690
482,ogaminana,7.59,6.22,28.24,48,23,1.98,NG,1607109781
483,khanpur,28.65,70.66,19.74,25,0,2.33,PK,1607109781
484,vryheid,-27.77,30.79,12.99,89,100,2.45,ZA,1607109781
485,esmeraldas,-19.76,-44.31,31.0,45,40,2.6,BR,1607109781
486,yar-sale,66.83,70.83,-8.67,95,100,5.98,RU,1607109781
487,la cabima,9.13,-79.53,32.22,58,40,5.7,PA,1607109781
488,high level,58.52,-117.14,-7.0,100,5,1.58,CA,1607109662
489,sao felix do xingu,-6.64,-51.99,33.92,42,100,2.08,BR,1607109781
490,emba,48.83,58.14,-14.62,91,90,3.47,KZ,1607109781
491,barth,54.36,12.72,1.67,86,75,3.1,DE,1607109782
492,mineros,-17.12,-63.23,31.0,62,75,4.1,BO,1607109782
493,tocopilla,-22.09,-70.2,20.58,54,82,2.85,CL,1607109782
494,kilosa,-6.83,36.98,22.3,87,23,1.69,TZ,1607109782
495,adrasmon,40.65,69.99,-1.0,92,90,8.0,TJ,1607109782
496,powell river,49.85,-124.54,9.0,81,75,3.1,CA,1607109782
497,cascais,38.7,-9.42,8.33,70,20,9.3,PT,1607109504
498,makakilo city,21.35,-158.09,27.0,61,1,4.1,US,1607109782
499,hovd,48.01,91.64,-16.94,83,0,0.55,MN,1607109782
500,arman,59.7,150.17,-9.69,94,100,3.42,RU,1607109782
501,reyes,-14.32,-67.38,35.03,42,92,2.49,BO,1607109782
502,cortez,37.35,-108.59,3.33,23,1,3.1,US,1607109782
503,olafsvik,64.89,-23.71,-4.03,86,38,7.29,IS,1607109783
504,honningsvag,70.98,25.97,2.0,69,0,9.8,NO,1607109783
505,stephenville,32.22,-98.2,13.0,30,1,3.1,US,1607109783
506,san vicente,-26.62,-54.13,19.38,96,100,2.33,AR,1607109783
507,cockburn town,21.46,-71.14,23.0,94,90,2.1,TC,1607109492
508,palmerston,-12.49,130.98,26.0,83,40,3.6,AU,1607109783
509,saint-georges,12.06,-61.75,30.0,66,20,10.3,GD,1607109783
510,ilhabela,-23.78,-45.36,26.04,79,58,3.72,BR,1607109639
511,panalipan,10.65,124.02,25.0,94,40,1.0,PH,1607109783
512,kalabo,-14.97,22.68,22.23,80,10,2.43,ZM,1607109783
513,berlevag,70.86,29.09,-3.0,86,75,10.3,NO,1607109783
514,gimli,50.63,-96.99,-7.0,85,0,2.6,CA,1607109784
515,knysna,-34.04,23.05,16.0,72,9,8.2,ZA,1607109784
516,nhulunbuy,-12.23,136.77,26.0,94,75,2.48,AU,1607109784
517,damortis,16.24,120.41,24.96,75,98,1.24,PH,1607109784
518,shushtar,32.05,48.86,18.87,60,0,0.86,IR,1607109784
519,baruun-urt,46.68,113.28,-18.33,90,0,5.1,MN,1607109784
520,guapimirim,-22.54,-42.98,33.0,43,20,6.7,BR,1607109784
521,lensk,60.73,114.93,-14.44,92,100,4.64,RU,1607109675
522,novyy urengoy,66.08,76.63,-10.52,96,100,6.99,RU,1607109554
523,kargat,55.2,80.28,-19.34,92,58,1.73,RU,1607109784
524,kaa-khem,51.68,94.73,-23.94,84,3,0.36,RU,1607109784
525,gizo,-8.1,156.84,27.3,76,86,2.82,SB,1607109784
526,san policarpo,12.18,125.51,25.74,89,100,1.14,PH,1607109785
527,saint george,37.1,-113.58,5.0,20,1,0.5,US,1607109785
528,kutum,14.2,24.67,18.74,27,0,1.76,SD,1607109785
529,gat,31.61,34.76,17.0,67,0,1.0,IL,1607109545
530,hargeysa,9.56,44.06,19.34,86,96,3.93,SO,1607109785
531,abu samrah,35.3,37.18,12.53,70,10,1.95,SY,1607109785
532,hasaki,35.73,140.83,7.22,81,75,3.1,JP,1607109785
533,eureka,40.8,-124.16,9.0,87,75,1.5,US,1607109785
534,todos santos,23.45,-110.22,25.0,39,0,1.34,MX,1607109785
535,aswan,24.09,32.91,15.97,36,91,0.92,EG,1607109785
536,college,64.86,-147.8,-17.0,84,75,0.47,US,1607109785
537,coahuayana,18.73,-103.68,25.0,69,90,5.1,MX,1607109785
538,igunga,-4.28,33.88,22.25,77,35,2.81,TZ,1607109786
539,pitea,65.32,21.48,1.0,93,75,3.6,SE,1607109608
540,banjar,-8.19,114.97,27.0,88,75,3.6,ID,1607109786
541,noumea,-22.28,166.46,25.0,83,0,0.5,NC,1607109786
542,nantucket,41.28,-70.1,13.0,76,90,6.2,US,1607109767
543,havoysund,71.0,24.66,2.0,69,0,9.8,NO,1607109786
544,bellevue,47.61,-122.2,9.44,61,1,2.1,US,1607109535
545,port-gentil,-0.72,8.78,27.0,88,20,5.1,GA,1607109787
546,mangaratiba,-22.96,-44.04,32.0,46,20,8.2,BR,1607109723
547,duvan,55.7,57.9,-12.03,96,93,0.62,RU,1607109787
548,hakodate,41.78,140.74,3.73,74,0,7.42,JP,1607109787
549,misterbianco,37.53,14.95,13.89,87,20,2.6,IT,1607109787
550,yulara,-25.24,130.99,28.0,21,84,1.5,AU,1607109787
551,lardos,36.09,28.02,14.0,82,75,1.0,GR,1607109787
552,manjacaze,-24.71,33.88,22.37,74,95,3.62,MZ,1607109787
553,westport,41.14,-73.36,11.0,57,90,2.6,US,1607109787
554,tecoanapa,16.52,-98.75,29.05,60,0,3.59,MX,1607109787
555,domazlice,49.44,12.93,1.0,96,90,3.6,CZ,1607109787
556,clearlake,38.96,-122.63,16.11,32,0,1.18,US,1607109788
